image_name,label
nematode_1.jpg,nematode
nematode_2.jpg,nematode
nematode_3.jpg,nematode
nematode_4.jpg,nematode
nematode_5.jpg,nematode
nematode_6.jpg,nematode
nematode_7.jpg,nematode
nematode_8.jpg,nematode
nematode_9.jpg,nematode
nematode_10.jpg,nematode
nematode_11.jpg,nematode
nematode_12.jpg,nematode
nematode_13.jpg,nematode
nematode_14.jpg,nematode
nematode_15.jpg,nematode
nematode_16.jpg,nematode
nematode_17.jpg,nematode
nematode_18.jpg,nematode
nematode_19.jpg,nematode
nematode_20.jpg,nematode
nematode_21.jpg,nematode
nematode_22.jpg,nematode
nematode_23.jpg,nematode
nematode_24.jpg,nematode
nematode_25.jpg,nematode
nematode_26.jpg,nematode
nematode_27.jpg,nematode
nematode_28.jpg,nematode
nematode_29.jpg,nematode
nematode_30.jpg,nematode
nematode_31.jpg,nematode
nematode_32.jpg,nematode
nematode_33.jpg,nematode
nematode_34.jpg,nematode
nematode_35.jpg,nematode
nematode_36.jpg,nematode
nematode_37.jpg,nematode
nematode_38.jpg,nematode
nematode_39.jpg,nematode
nematode_40.jpg,nematode
nematode_41.jpg,nematode
nematode_42.jpg,nematode
nematode_43.jpg,nematode
nematode_44.jpg,nematode
nematode_45.jpg,nematode
nematode_46.jpg,nematode
nematode_47.jpg,nematode
nematode_48.jpg,nematode
nematode_49.jpg,nematode
nematode_50.jpg,nematode
nematode_51.jpg,nematode
nematode_52.jpg,nematode
nematode_53.jpg,nematode
nematode_54.jpg,nematode
nematode_55.jpg,nematode
nematode_56.jpg,nematode
nematode_57.jpg,nematode
nematode_58.jpg,nematode
nematode_59.jpg,nematode
nematode_60.jpg,nematode
nematode_61.jpg,nematode
nematode_62.jpg,nematode
nematode_63.jpg,nematode
nematode_64.jpg,nematode
nematode_65.jpg,nematode
nematode_66.jpg,nematode
nematode_67.jpg,nematode
nematode_68.jpg,nematode
nematode_69.jpg,nematode
nematode_70.jpg,nematode
nematode_71.jpg,nematode
nematode_72.jpg,nematode
nematode_73.jpg,nematode
nematode_74.jpg,nematode
nematode_75.jpg,nematode
nematode_76.jpg,nematode
nematode_77.jpg,nematode
nematode_78.jpg,nematode
nematode_79.jpg,nematode
nematode_80.jpg,nematode
nematode_81.jpg,nematode
nematode_82.jpg,nematode
nematode_83.jpg,nematode
nematode_84.jpg,nematode
nematode_85.jpg,nematode
nematode_86.jpg,nematode
nematode_87.jpg,nematode
nematode_88.jpg,nematode
nematode_89.jpg,nematode
nematode_90.jpg,nematode
nematode_91.jpg,nematode
nematode_92.jpg,nematode
nematode_93.jpg,nematode
nematode_94.jpg,nematode
nematode_95.jpg,nematode
nematode_96.jpg,nematode
nematode_97.jpg,nematode
nematode_98.jpg,nematode
nematode_99.jpg,nematode
nematode_100.jpg,nematode
nematode_101.jpg,nematode
nematode_102.jpg,nematode
nematode_103.jpg,nematode
nematode_104.jpg,nematode
nematode_105.jpg,nematode
nematode_106.jpg,nematode
nematode_107.jpg,nematode
nematode_108.jpg,nematode
nematode_109.jpg,nematode
nematode_110.jpg,nematode
nematode_111.jpg,nematode
nematode_112.jpg,nematode
nematode_113.jpg,nematode
nematode_114.jpg,nematode
nematode_115.jpg,nematode
nematode_116.jpg,nematode
nematode_117.jpg,nematode
nematode_118.jpg,nematode
nematode_119.jpg,nematode
nematode_120.jpg,nematode
nematode_121.jpg,nematode
nematode_122.jpg,nematode
nematode_123.jpg,nematode
nematode_124.jpg,nematode
nematode_125.jpg,nematode
nematode_126.jpg,nematode
nematode_127.jpg,nematode
nematode_128.jpg,nematode
nematode_129.jpg,nematode
nematode_130.jpg,nematode
nematode_131.jpg,nematode
nematode_132.jpg,nematode
nematode_133.jpg,nematode
nematode_134.jpg,nematode
nematode_135.jpg,nematode
nematode_136.jpg,nematode
nematode_137.jpg,nematode
nematode_138.jpg,nematode
nematode_139.jpg,nematode
nematode_140.jpg,nematode
nematode_141.jpg,nematode
nematode_142.jpg,nematode
nematode_143.jpg,nematode
nematode_144.jpg,nematode
nematode_145.jpg,nematode
nematode_146.jpg,nematode
nematode_147.jpg,nematode
nematode_148.jpg,nematode
nematode_149.jpg,nematode
nematode_150.jpg,nematode
nematode_151.jpg,nematode
nematode_152.jpg,nematode
nematode_153.jpg,nematode
nematode_154.jpg,nematode
nematode_155.jpg,nematode
nematode_156.jpg,nematode
nematode_157.jpg,nematode
nematode_158.jpg,nematode
nematode_159.jpg,nematode
nematode_160.jpg,nematode
nematode_161.jpg,nematode
nematode_162.jpg,nematode
nematode_163.jpg,nematode
nematode_164.jpg,nematode
nematode_165.jpg,nematode
nematode_166.jpg,nematode
nematode_167.jpg,nematode
nematode_168.jpg,nematode
nematode_169.jpg,nematode
nematode_170.jpg,nematode
nematode_171.jpg,nematode
nematode_172.jpg,nematode
nematode_173.jpg,nematode
nematode_174.jpg,nematode
nematode_175.jpg,nematode
nematode_176.jpg,nematode
nematode_177.jpg,nematode
nematode_178.jpg,nematode
nematode_179.jpg,nematode
nematode_180.jpg,nematode
nematode_181.jpg,nematode
nematode_182.jpg,nematode
nematode_183.jpg,nematode
nematode_184.jpg,nematode
nematode_185.jpg,nematode
nematode_186.jpg,nematode
nematode_187.jpg,nematode
nematode_188.jpg,nematode
nematode_189.jpg,nematode
nematode_190.jpg,nematode
nematode_191.jpg,nematode
nematode_192.jpg,nematode
nematode_193.jpg,nematode
nematode_194.jpg,nematode
nematode_195.jpg,nematode
nematode_196.jpg,nematode
nematode_197.jpg,nematode
nematode_198.jpg,nematode
nematode_199.jpg,nematode
nematode_200.jpg,nematode
nematode_201.jpg,nematode
nematode_202.jpg,nematode
nematode_203.jpg,nematode
nematode_204.jpg,nematode
nematode_205.jpg,nematode
nematode_206.jpg,nematode
nematode_207.jpg,nematode
nematode_208.jpg,nematode
nematode_209.jpg,nematode
nematode_210.jpg,nematode
